id,asset,label,x_m,y_m,z_m,yaw_deg,layer,collision,cast_shadow,scale_x,scale_y,scale_z
H1,house,民居一,-19,0,-11,0,playable,True,existing,1,1,1
T1,tavern,桥头酒肆,-9.5,0,-10,0,playable,True,existing,1,1,1
H2,house,民居二,7.8,0,-10.8,0,playable,True,existing,1,1,1
H3,house,民居三,17.8,0,-11.8,0,playable,True,existing,1,1,1
S1,cloth_stall,布摊,-16.5,0,-5.7,0,playable,True,existing,1,1,1
S2,food_stall,食摊,11.8,0,-5.7,0,playable,True,existing,1,1,1
S3,food_stall,茶摊,21.2,0,-5.7,0,playable,True,existing,1,1,1
B1,house,近镇屋1,-16,0,-21,0,near_town,False,False,1,1,1
B2,house,近镇屋2,-6,0,-23,0,near_town,False,False,1,1,1
B3,house,近镇屋3,-24,0,-29,0,near_town,False,False,1,1,1
B4,house,近镇屋4,-10.5,0,-31,0,near_town,False,False,1,1,1
B5,house,近镇屋5,12.8,0,-22,0,near_town,False,False,1,1,1
B6,house,近镇屋6,24,0,-25,0,near_town,False,False,1,1,1
F1,house,远镇屋1,-23,0,-43,0,far_town,False,False,1,1.0,1
F2,house,远镇屋2,-12,0,-46,0,far_town,False,False,1,1.1,1
F3,house,远镇屋3,7,0,-44,0,far_town,False,False,1,1.2,1
F4,house,远镇屋4,24,0,-47,0,far_town,False,False,1,1.3,1
TN1,willow,背景树群,-21.7,0,-19,0,near_town,False,False,0.85,0.85,0.85
TN2,willow,背景树群,-12,0,-22,0,near_town,False,False,0.85,0.85,0.85
TN3,willow,背景树群,-2.7,0,-21,0,near_town,False,False,0.85,0.85,0.85
TN4,willow,背景树群,5,0,-22,0,near_town,False,False,0.85,0.85,0.85
TN5,willow,背景树群,18.5,0,-20,0,near_town,False,False,0.85,0.85,0.85
TF1,willow,背景树群,-28,0,-39,0,far_town,False,False,0.7,0.7,0.7
TF2,willow,背景树群,-17,0,-37,0,far_town,False,False,0.7,0.7,0.7
TF3,willow,背景树群,-1,0,-42,0,far_town,False,False,0.7,0.7,0.7
TF4,willow,背景树群,13,0,-40,0,far_town,False,False,0.7,0.7,0.7
TF5,willow,背景树群,29,0,-44,0,far_town,False,False,0.7,0.7,0.7
L1,willow,河岸柳树,-21,0,-0.55,0,rear_bank,True,False,1,1,1
L2,willow,河岸柳树,-6,0,-0.55,0,rear_bank,True,False,1,1,1
L3,willow,河岸柳树,21,0,-0.55,0,rear_bank,True,False,1,1,1
L4,willow,河岸柳树,-19,0,5.75,0,front_bank,True,True,1,1,1
L6,willow,河岸柳树,16,0,5.75,0,front_bank,True,True,1,1,1
C1,OmniLight3D,桥心冷光,1.2,2.4,2.5,0,lighting,False,existing,1,1,1
W1,OmniLight3D,酒肆暖光,-9.5,1.8,-4.8,0,lighting,False,existing,1,1,1
NPC1,innkeeper,掌柜,-8,0,-5.1,0,playable,existing,existing,1,1,1
NPC2,vendor,布摊主,-14.6,0,-4.7,0,playable,existing,existing,1,1,1
NPC3,food_vendor,食摊主,13.7,0,-4.7,0,playable,existing,existing,1,1,1
NPC4,tea_guest,茶客,19.2,0,-4.3,0,playable,existing,existing,1,1,1
NPC5,boatman,船工,-12,-0.32,3.9,0,playable,existing,existing,1,1,1
D1,dock,dock,-12,-0.32,3.8,0,playable,existing,existing,1,1,1
BO1,boat,boat,-8.4,-0.62,3.5,90,playable,existing,existing,1,1,1
BR1,low_bridge,low_bridge,1.2,0,2.5,90,playable,existing,existing,1,1,1
